USERID,r_score,f_score,m_score,rfm_wscore
1,5,1,1,1.7999999999999998
2,5,5,3,3.8
3,5,1,3,3.0
4,5,1,4,3.5999999999999996
5,5,1,5,4.2
6,1,1,1,1.0
